{"val_loss_step": 1.295500636100769, "valid_acc_step": 0.0, "trainer/global_step": 29, "_timestamp": 1711809728.3788328, "_runtime": 20.5448317527771, "_step": 89, "val_loss_epoch": 1.295500636100769, "valid_acc_epoch": 0.0, "epoch": 29, "train_loss_epoch": 1.058095932006836, "_wandb": {"runtime": 19}}