{"Train Loss": 0.7962528526782989, "Train Accuracy": 0.73, "Validation Loss": 4.7600003480911255, "Validation Accuracy": 0.12, "_timestamp": 1712152052.471046, "_runtime": 78.13056802749634, "_step": 499, "_wandb": {"runtime": 112}}